-- phpMyAdmin SQL Dump
-- version 5.1.0
-- https://www.phpmyadmin.net/
--
-- Host: 127.0.0.1
-- Generation Time: Apr 25, 2021 at 10:37 AM
-- Server version: 10.4.18-MariaDB
-- PHP Version: 8.0.3

SET SQL_MODE = "NO_AUTO_VALUE_ON_ZERO";
START TRANSACTION;
SET time_zone = "+00:00";


/*!40101 SET @OLD_CHARACTER_SET_CLIENT=@@CHARACTER_SET_CLIENT */;
/*!40101 SET @OLD_CHARACTER_SET_RESULTS=@@CHARACTER_SET_RESULTS */;
/*!40101 SET @OLD_COLLATION_CONNECTION=@@COLLATION_CONNECTION */;
/*!40101 SET NAMES utf8mb4 */;

--
-- Database: `onlinecourse`
--

-- --------------------------------------------------------

--
-- Table structure for table `admin`
--

CREATE TABLE `admin` (
  `id` int(11) NOT NULL,
  `username` varchar(255) NOT NULL,
  `password` varchar(255) NOT NULL,
  `creationDate` timestamp NOT NULL DEFAULT current_timestamp(),
  `updationDate` varchar(255) NOT NULL
) ENGINE=InnoDB DEFAULT CHARSET=latin1;

--
-- Dumping data for table `admin`
--

INSERT INTO `admin` (`id`, `username`, `password`, `creationDate`, `updationDate`) VALUES
(1, 'admin', 'ddf241c7ec2e041f269c5c1028d7ca26', '2021-04-25 08:31:30', '25-04-2021 02:04:12 PM');

-- --------------------------------------------------------

--
-- Table structure for table `course`
--

CREATE TABLE `course` (
  `id` int(11) NOT NULL,
  `courseCode` varchar(255) DEFAULT NULL,
  `courseName` varchar(255) DEFAULT NULL,
  `courseUnit` varchar(255) DEFAULT NULL,
  `noofSeats` int(11) DEFAULT NULL,
  `creationDate` timestamp NULL DEFAULT current_timestamp(),
  `updationDate` varchar(255) DEFAULT NULL
) ENGINE=InnoDB DEFAULT CHARSET=latin1;

--
-- Dumping data for table `course`
--

INSERT INTO `course` (`id`, `courseCode`, `courseName`, `courseUnit`, `noofSeats`, `creationDate`, `updationDate`) VALUES
(5, 'Pyth-3', 'Python full', '1-5', 40, '2021-04-25 08:16:53', NULL);

-- --------------------------------------------------------

--
-- Table structure for table `courseenrolls`
--

CREATE TABLE `courseenrolls` (
  `id` int(11) NOT NULL,
  `studentRegno` varchar(255) DEFAULT NULL,
  `pincode` varchar(255) DEFAULT NULL,
  `session` int(11) DEFAULT NULL,
  `department` int(11) DEFAULT NULL,
  `level` int(11) DEFAULT NULL,
  `semester` int(11) DEFAULT NULL,
  `course` int(11) DEFAULT NULL,
  `enrollDate` timestamp NULL DEFAULT current_timestamp()
) ENGINE=InnoDB DEFAULT CHARSET=latin1;

--
-- Dumping data for table `courseenrolls`
--

INSERT INTO `courseenrolls` (`id`, `studentRegno`, `pincode`, `session`, `department`, `level`, `semester`, `course`, `enrollDate`) VALUES
(6, '1956', '110447', 5, 10, 5, 7, 5, '2021-04-25 08:19:36'),
(7, '1956', '110447', 5, 10, 5, 7, 5, '2021-04-25 08:22:46'),
(8, '1957', '672839', 5, 10, 6, 7, 5, '2021-04-25 08:25:35'),
(9, '1958', '498764', 5, 10, 6, 8, 5, '2021-04-25 08:27:14');

-- --------------------------------------------------------

--
-- Table structure for table `department`
--

CREATE TABLE `department` (
  `id` int(11) NOT NULL,
  `department` varchar(255) DEFAULT NULL,
  `creationDate` timestamp NULL DEFAULT current_timestamp()
) ENGINE=InnoDB DEFAULT CHARSET=latin1;

--
-- Dumping data for table `department`
--

INSERT INTO `department` (`id`, `department`, `creationDate`) VALUES
(8, 'Accounts', '2021-04-25 08:15:48'),
(9, 'HR', '2021-04-25 08:15:52'),
(10, 'Computer Science', '2021-04-25 08:16:03');

-- --------------------------------------------------------

--
-- Table structure for table `level`
--

CREATE TABLE `level` (
  `id` int(11) NOT NULL,
  `level` varchar(255) DEFAULT NULL,
  `creationDate` timestamp NULL DEFAULT current_timestamp()
) ENGINE=InnoDB DEFAULT CHARSET=latin1;

--
-- Dumping data for table `level`
--

INSERT INTO `level` (`id`, `level`, `creationDate`) VALUES
(5, 'Level 1', '2017-02-09 19:04:04'),
(6, 'level 2', '2017-02-09 19:04:12'),
(7, 'level 4', '2017-02-09 19:04:17');

-- --------------------------------------------------------

--
-- Table structure for table `semester`
--

CREATE TABLE `semester` (
  `id` int(11) NOT NULL,
  `semester` varchar(255) DEFAULT NULL,
  `creationDate` timestamp NULL DEFAULT current_timestamp(),
  `updationDate` varchar(255) DEFAULT NULL
) ENGINE=InnoDB DEFAULT CHARSET=latin1;

--
-- Dumping data for table `semester`
--

INSERT INTO `semester` (`id`, `semester`, `creationDate`, `updationDate`) VALUES
(7, '4', '2021-04-25 08:15:21', NULL),
(8, '3', '2021-04-25 08:15:27', NULL),
(9, '5', '2021-04-25 08:15:29', NULL);

-- --------------------------------------------------------

--
-- Table structure for table `session`
--

CREATE TABLE `session` (
  `id` int(11) NOT NULL,
  `session` varchar(255) DEFAULT NULL,
  `creationDate` timestamp NULL DEFAULT current_timestamp()
) ENGINE=InnoDB DEFAULT CHARSET=latin1;

--
-- Dumping data for table `session`
--

INSERT INTO `session` (`id`, `session`, `creationDate`) VALUES
(5, '2021', '2021-04-25 08:15:05');

-- --------------------------------------------------------

--
-- Table structure for table `students`
--

CREATE TABLE `students` (
  `StudentRegno` varchar(255) NOT NULL,
  `studentPhoto` varchar(255) DEFAULT NULL,
  `password` varchar(255) DEFAULT NULL,
  `studentName` varchar(255) DEFAULT NULL,
  `pincode` varchar(255) DEFAULT NULL,
  `session` varchar(255) DEFAULT NULL,
  `department` varchar(255) DEFAULT NULL,
  `semester` varchar(255) DEFAULT NULL,
  `cgpa` decimal(10,2) DEFAULT NULL,
  `creationdate` timestamp NULL DEFAULT current_timestamp(),
  `updationDate` varchar(255) DEFAULT NULL
) ENGINE=InnoDB DEFAULT CHARSET=latin1;

--
-- Dumping data for table `students`
--

INSERT INTO `students` (`StudentRegno`, `studentPhoto`, `password`, `studentName`, `pincode`, `session`, `department`, `semester`, `cgpa`, `creationdate`, `updationDate`) VALUES
('1956', 'photo2.jpeg', 'bd00eb0f2a3ce174d021c6c7a6163eba', 'Aman Verma', '110447', NULL, NULL, NULL, '9.45', '2021-04-25 08:18:30', NULL),
('1957', 'photo1.jpeg', '608eeb04db5e913576e6470065c6677c', 'Aman Saifi', '672839', NULL, NULL, NULL, '9.25', '2021-04-25 08:24:24', NULL),
('1958', 'photo3.jpeg', '5ddc47513696be03631bd326219bf74b', 'Akash Malik', '498764', NULL, NULL, NULL, '9.20', '2021-04-25 08:26:06', NULL);

-- --------------------------------------------------------

--
-- Table structure for table `userlog`
--

CREATE TABLE `userlog` (
  `id` int(11) NOT NULL,
  `studentRegno` varchar(255) DEFAULT NULL,
  `userip` binary(16) DEFAULT NULL,
  `loginTime` timestamp NULL DEFAULT current_timestamp(),
  `logout` varchar(255) DEFAULT NULL,
  `status` int(11) DEFAULT NULL
) ENGINE=InnoDB DEFAULT CHARSET=latin1;

--
-- Dumping data for table `userlog`
--

INSERT INTO `userlog` (`id`, `studentRegno`, `userip`, `loginTime`, `logout`, `status`) VALUES
(18, '1957', 0x3a3a3100000000000000000000000000, '2021-04-25 08:24:34', '25-04-2021 01:56:45 PM', 1),
(19, '1958', 0x3a3a3100000000000000000000000000, '2021-04-25 08:26:53', NULL, 1);

--
-- Indexes for dumped tables
--

--
-- Indexes for table `admin`
--
ALTER TABLE `admin`
  ADD PRIMARY KEY (`id`);

--
-- Indexes for table `course`
--
ALTER TABLE `course`
  ADD PRIMARY KEY (`id`);

--
-- Indexes for table `courseenrolls`
--
ALTER TABLE `courseenrolls`
  ADD PRIMARY KEY (`id`);

--
-- Indexes for table `department`
--
ALTER TABLE `department`
  ADD PRIMARY KEY (`id`);

--
-- Indexes for table `level`
--
ALTER TABLE `level`
  ADD PRIMARY KEY (`id`);

--
-- Indexes for table `semester`
--
ALTER TABLE `semester`
  ADD PRIMARY KEY (`id`);

--
-- Indexes for table `session`
--
ALTER TABLE `session`
  ADD PRIMARY KEY (`id`);

--
-- Indexes for table `students`
--
ALTER TABLE `students`
  ADD PRIMARY KEY (`StudentRegno`);

--
-- Indexes for table `userlog`
--
ALTER TABLE `userlog`
  ADD PRIMARY KEY (`id`);

--
-- AUTO_INCREMENT for dumped tables
--

--
-- AUTO_INCREMENT for table `admin`
--
ALTER TABLE `admin`
  MODIFY `id` int(11) NOT NULL AUTO_INCREMENT, AUTO_INCREMENT=2;

--
-- AUTO_INCREMENT for table `course`
--
ALTER TABLE `course`
  MODIFY `id` int(11) NOT NULL AUTO_INCREMENT, AUTO_INCREMENT=6;

--
-- AUTO_INCREMENT for table `courseenrolls`
--
ALTER TABLE `courseenrolls`
  MODIFY `id` int(11) NOT NULL AUTO_INCREMENT, AUTO_INCREMENT=10;

--
-- AUTO_INCREMENT for table `department`
--
ALTER TABLE `department`
  MODIFY `id` int(11) NOT NULL AUTO_INCREMENT, AUTO_INCREMENT=11;

--
-- AUTO_INCREMENT for table `level`
--
ALTER TABLE `level`
  MODIFY `id` int(11) NOT NULL AUTO_INCREMENT, AUTO_INCREMENT=8;

--
-- AUTO_INCREMENT for table `semester`
--
ALTER TABLE `semester`
  MODIFY `id` int(11) NOT NULL AUTO_INCREMENT, AUTO_INCREMENT=10;

--
-- AUTO_INCREMENT for table `session`
--
ALTER TABLE `session`
  MODIFY `id` int(11) NOT NULL AUTO_INCREMENT, AUTO_INCREMENT=6;

--
-- AUTO_INCREMENT for table `userlog`
--
ALTER TABLE `userlog`
  MODIFY `id` int(11) NOT NULL AUTO_INCREMENT, AUTO_INCREMENT=20;
COMMIT;

/*!40101 SET CHARACTER_SET_CLIENT=@OLD_CHARACTER_SET_CLIENT */;
/*!40101 SET CHARACTER_SET_RESULTS=@OLD_CHARACTER_SET_RESULTS */;
/*!40101 SET COLLATION_CONNECTION=@OLD_COLLATION_CONNECTION */;
